<?xml version="1.0" encoding="UTF-8" standalone="yes"?>
<addon id="repository.kelticlad" name="repokelticlad" version="0.0.1" provider-name="kelticlad83">
    <extension point="xbmc.addon.repository" name="repokelticlad">
        <dir>
            <info compressed="false">https://raw.githubusercontent.com/kelticlad83/repokelticlad/master/zips/addons.xml</info>
            <checksum>https://raw.githubusercontent.com/kelticlad83/repokelticlad/master/zips/addons.xml.md5</checksum>
            <datadir zip="true">https://raw.githubusercontent.com/kelticlad83/repokelticlad/master/zips/</datadir>
        </dir>
    </extension>
    <extension point="xbmc.addon.metadata">
        <summary>repokelticlad</summary>
        <description>repo for personal add-ons use for friends and family</description>
        <disclaimer></disclaimer>
        <platform>all</platform>
        <assets>
            <icon>icon.png</icon>
            <fanart>fanart.jpg</fanart>
        </assets>
    </extension>
</addon>